Scenario,Strategy,MeanWait,SD
S0,IFP,49.16696838429666,13.214435705611455
S0,ALT,43.099190720989355,10.978321446917722
S0,SBP,46.20774097925046,9.672538153409954
S1,IFP,44.139069853079924,9.526020031073122
S1,ALT,37.30481652701301,8.491215172304694
S1,SBP,36.28351756485404,6.749701341809965
S2,IFP,34.67788752931236,7.442854991632908
S2,ALT,31.705623292204688,7.0882509306621415
S2,SBP,31.537507589230444,8.621775957951193
S3,IFP,17.72490124986197,5.9724937255909
S3,ALT,16.551619383831188,4.773742558510896
S3,SBP,15.546920780165749,4.34651202992968
S4,IFP,11.84886127190766,2.9713861655709275
S4,ALT,12.617287549555773,2.3069771541290995
S4,SBP,12.375687060998747,2.6623257059108663
S5,IFP,4.774910361354507,1.3005897964747655
S5,ALT,4.550089616954692,1.2420697799930658
S5,SBP,4.2708741256484295,1.0042868057092413
S6,IFP,2.3953382138065904,0.5813935134793212
S6,ALT,2.7236360581231995,0.7104271587476716
S6,SBP,2.6378481022213505,0.599887015282646
