ArrivalChangePct,Strategy,MeanWait,SD
-15,IFP,13.080104855868095,2.9821377353818916
-15,ALT,12.013995160565603,3.1304817954763466
-15,SBP,11.996591884133093,3.417358828231658
-12,IFP,17.528871811994808,3.6662822555209362
-12,ALT,15.084739183765246,3.300604738050638
-12,SBP,14.200953439197544,3.1697706611420733
-9,IFP,24.78334055998275,5.322663480648711
-9,ALT,21.33602689686033,4.341704170684594
-9,SBP,18.797144582543947,5.926865645936315
-6,IFP,31.628981649736346,8.999834044843631
-6,ALT,23.778589710777158,4.901598312267931
-6,SBP,25.93663640487037,6.15266560141917
-3,IFP,38.743630439886736,9.871742548124676
-3,ALT,32.9661708089455,11.248253968323093
-3,SBP,31.95381978786126,9.26390624394297
0,IFP,52.59125259298056,13.678492467596532
0,ALT,41.05338978790887,10.82653384298557
0,SBP,48.63926223637448,12.468042968705209
3,IFP,65.87943413022741,15.595208638340962
3,ALT,56.088147406379065,17.005870326416275
3,SBP,60.170265768354206,21.01021585153915
6,IFP,84.61772258939166,25.42185579555851
6,ALT,71.37484220242453,25.001917665989588
6,SBP,73.74178916612156,18.148510306598386
9,IFP,115.99353167696756,30.389617826237085
9,ALT,94.58266540061521,23.385090786475228
9,SBP,98.45901644063778,26.988671394606044
12,IFP,166.25210931009494,53.96732651054252
12,ALT,136.38440866632232,53.10772605121488
12,SBP,165.40496915839967,62.73798552681339
15,IFP,235.60209270729538,115.60584689642258
15,ALT,153.83692412859745,34.24311092575345
15,SBP,223.68906046282095,80.80200347657909
