Strategy,Level,Value
IFP,Level III,20.92884339628521
IFP,Level III,52.582144541612294
IFP,Level III,49.63536525894589
IFP,Level III,78.91397934797247
IFP,Level III,46.719733037297175
IFP,Level III,64.90552916864334
IFP,Level III,68.11766318098122
IFP,Level III,70.14702647816789
IFP,Level III,60.31953748021443
IFP,Level III,32.96974635091851
IFP,Level III,32.31612402846302
IFP,Level III,36.23791317888038
IFP,Level III,51.63108916166373
IFP,Level III,28.580683346159134
IFP,Level III,54.28700592146044
IFP,Level III,63.15673998539105
IFP,Level III,47.504071210640824
IFP,Level III,69.03232034039829
IFP,Level III,31.874606656326375
IFP,Level III,60.54078457371165
IFP,Level III,38.29690587762264
IFP,Level III,63.23272389252393
IFP,Level III,41.72785907251965
IFP,Level III,45.13873832817215
IFP,Level III,45.5730554018534
IFP,Level III,43.70783666696893
IFP,Level III,50.376360601163604
IFP,Level III,72.14657806676483
IFP,Level III,69.13690087062227
IFP,Level III,42.72947957826169
IFP,Level III,52.84307592750429
IFP,Level III,47.67104035452001
IFP,Level III,55.79240519379935
IFP,Level III,37.35611021275306
IFP,Level III,45.46638404860896
IFP,Level III,49.499178408205374
IFP,Level III,45.203144782315
IFP,Level III,39.754148654640254
IFP,Level III,56.93173615338544
IFP,Level III,92.51399613492102
IFP,Level III,40.94321648386643
IFP,Level III,55.6275651255564
IFP,Level III,49.52731195535729
IFP,Level III,50.6637505019746
IFP,Level III,53.4490647114189
IFP,Level III,50.63401722143435
IFP,Level III,60.378392746404124
IFP,Level III,43.58135264894343
IFP,Level III,69.29360742662992
IFP,Level III,27.395171673992454
IFP,Level III,35.87309219161545
IFP,Level III,52.20619793882411
IFP,Level III,40.345084037331496
IFP,Level III,74.83462778435414
IFP,Level III,67.89139330126994
IFP,Level III,31.458527405263432
IFP,Level III,39.95236072583899
IFP,Level III,63.32675709800364
IFP,Level III,52.29708315384783
IFP,Level III,66.99463976178791
IFP,Level III,46.68411791366047
IFP,Level III,31.000456332928934
IFP,Level III,49.334098219058426
IFP,Level III,39.11756263894797
IFP,Level III,69.87778184051484
IFP,Level III,38.073773242998634
IFP,Level III,57.729822042058494
IFP,Level III,37.73594368049024
IFP,Level III,58.58525525316608
IFP,Level III,50.64475708428382
IFP,Level III,39.08961028440703
IFP,Level III,54.99140820978862
IFP,Level III,61.887888213343025
IFP,Level III,45.028581132248064
IFP,Level III,54.7994613634472
IFP,Level III,31.00520993673227
IFP,Level III,71.82127868315307
IFP,Level III,54.060066166579446
IFP,Level III,44.19642801786396
IFP,Level III,62.44835628048182
IFP,Level III,55.67444846280118
IFP,Level III,73.36411848094798
IFP,Level III,32.88689776978017
IFP,Level III,35.13457597240407
IFP,Level III,64.63982346310742
IFP,Level III,53.286124872877565
IFP,Level III,19.801583764540034
IFP,Level III,86.13943310716718
IFP,Level III,41.39008848816343
IFP,Level III,55.595662140030555
IFP,Level III,39.71943843536088
IFP,Level III,53.11516929889945
IFP,Level III,47.35261531882109
IFP,Level III,53.09916091570245
IFP,Level III,55.853328584674934
IFP,Level III,44.1739686122024
IFP,Level III,28.89758583971841
IFP,Level III,54.602629503940776
IFP,Level III,42.52118024435753
IFP,Level III,52.41538877932989
IFP,Level IV,25.618973034748304
IFP,Level IV,61.07905685177234
IFP,Level IV,49.75785089426553
IFP,Level IV,79.68679697166658
IFP,Level IV,51.56382465909307
IFP,Level IV,63.783375396855476
IFP,Level IV,65.1310141239093
IFP,Level IV,73.48607027882356
IFP,Level IV,69.84158760182741
IFP,Level IV,31.555010189478413
IFP,Level IV,34.269734719904115
IFP,Level IV,42.615609213312105
IFP,Level IV,51.46101012060465
IFP,Level IV,32.24325228520599
IFP,Level IV,56.28833069814497
IFP,Level IV,67.54570318797923
IFP,Level IV,46.43703715431202
IFP,Level IV,76.55019465285983
IFP,Level IV,34.158959383224335
IFP,Level IV,56.87959458954295
IFP,Level IV,44.48888619657317
IFP,Level IV,60.97575032113602
IFP,Level IV,44.746637299915996
IFP,Level IV,51.906941233177356
IFP,Level IV,53.094753852436064
IFP,Level IV,44.19464377411116
IFP,Level IV,54.09613552565445
IFP,Level IV,72.20311127891317
IFP,Level IV,75.79769072000916
IFP,Level IV,45.86801726255265
IFP,Level IV,56.05878565942858
IFP,Level IV,51.57536537052607
IFP,Level IV,58.7395606496963
IFP,Level IV,48.33895026082809
IFP,Level IV,48.174227644563814
IFP,Level IV,53.04502116431791
IFP,Level IV,49.35284466237872
IFP,Level IV,39.045726626221914
IFP,Level IV,58.80077310333254
IFP,Level IV,93.62600002496323
IFP,Level IV,42.778535310686095
IFP,Level IV,60.42939571303006
IFP,Level IV,45.68897372975354
IFP,Level IV,46.66244480983044
IFP,Level IV,54.45812723498539
IFP,Level IV,63.420298577575764
IFP,Level IV,67.71739963621502
IFP,Level IV,45.2096439718955
IFP,Level IV,77.14459540707634
IFP,Level IV,28.73840508597608
IFP,Level IV,35.72512852922547
IFP,Level IV,56.73543673828628
IFP,Level IV,41.09621264586044
IFP,Level IV,71.8990171932644
IFP,Level IV,68.96462990726712
IFP,Level IV,35.988373362661314
IFP,Level IV,40.935416222126904
IFP,Level IV,55.2215500349902
IFP,Level IV,59.06633550646318
IFP,Level IV,68.39733323827465
IFP,Level IV,54.48892911329332
IFP,Level IV,37.9262886366566
IFP,Level IV,50.97930532362438
IFP,Level IV,43.75712808875544
IFP,Level IV,72.70391085368561
IFP,Level IV,40.12166481434741
IFP,Level IV,64.08361167503787
IFP,Level IV,38.02273871705788
IFP,Level IV,64.38803700858288
IFP,Level IV,51.86088256894395
IFP,Level IV,41.77282588623169
IFP,Level IV,58.21984508514758
IFP,Level IV,69.31090640887454
IFP,Level IV,49.12254674764968
IFP,Level IV,56.29852728423048
IFP,Level IV,34.258309924189895
IFP,Level IV,71.06586592626464
IFP,Level IV,56.864039400188304
IFP,Level IV,48.04657610764149
IFP,Level IV,64.06571946337074
IFP,Level IV,57.7038581955053
IFP,Level IV,73.60434460587602
IFP,Level IV,34.52605279106144
IFP,Level IV,36.82573096499618
IFP,Level IV,67.35005537918947
IFP,Level IV,54.51726940301429
IFP,Level IV,23.423233223151854
IFP,Level IV,83.3180336781816
IFP,Level IV,46.79895522470067
IFP,Level IV,59.35955423308214
IFP,Level IV,42.68254970093436
IFP,Level IV,50.39365198332063
IFP,Level IV,54.10993585120577
IFP,Level IV,56.003024053735274
IFP,Level IV,51.45697848524881
IFP,Level IV,37.50382127167115
IFP,Level IV,26.857445419369217
IFP,Level IV,59.79414923570971
IFP,Level IV,43.7000869348943
IFP,Level IV,54.27351391286076
IFP,All Patients,24.360429019126638
IFP,All Patients,59.005610951999415
IFP,All Patients,49.727619922342384
IFP,All Patients,79.4959307633943
IFP,All Patients,50.291616709263195
IFP,All Patients,64.0829526285148
IFP,All Patients,65.90681932985126
IFP,All Patients,72.66717089333355
IFP,All Patients,67.34407238848748
IFP,All Patients,31.906365172187904
IFP,All Patients,33.76385624519009
IFP,All Patients,41.03897217490283
IFP,All Patients,51.503225079720565
IFP,All Patients,31.350917307329112
IFP,All Patients,55.75357099463408
IFP,All Patients,66.48123066463656
IFP,All Patients,46.703672907918346
IFP,All Patients,74.52070571290385
IFP,All Patients,33.602114812620506
IFP,All Patients,57.82677657801576
IFP,All Patients,42.829817900396584
IFP,All Patients,61.50116125877089
IFP,All Patients,43.959248394033736
IFP,All Patients,50.23759734221588
IFP,All Patients,51.19809658752313
IFP,All Patients,44.07081262572639
IFP,All Patients,53.11088864492242
IFP,All Patients,72.1884422369523
IFP,All Patients,74.04863439265216
IFP,All Patients,45.077936512782045
IFP,All Patients,55.246592544302416
IFP,All Patients,50.59105262792001
IFP,All Patients,58.01734854382229
IFP,All Patients,45.73553707232541
IFP,All Patients,47.51526112327507
IFP,All Patients,52.220553494522484
IFP,All Patients,48.29970834586875
IFP,All Patients,39.21952175001613
IFP,All Patients,58.327118706304006
IFP,All Patients,93.33715504288668
IFP,All Patients,42.31164831914583
IFP,All Patients,59.188668861325624
IFP,All Patients,46.67009728902377
IFP,All Patients,47.71386936124061
IFP,All Patients,54.20265095060969
IFP,All Patients,60.35501594889364
IFP,All Patients,65.9941878863167
IFP,All Patients,44.81840175124174
IFP,All Patients,75.1721797075553
IFP,All Patients,28.410157146180833
IFP,All Patients,35.76281931909131
IFP,All Patients,55.540644268979975
IFP,All Patients,40.908344157106534
IFP,All Patients,72.59642024221334
IFP,All Patients,68.6972893808635
IFP,All Patients,34.85750315409313
IFP,All Patients,40.68691148700579
IFP,All Patients,57.236918517834816
IFP,All Patients,57.24348371820695
IFP,All Patients,68.03269569472263
IFP,All Patients,52.60339611716256
IFP,All Patients,36.213985700573865
IFP,All Patients,50.56484111862971
IFP,All Patients,42.59830772479151
IFP,All Patients,72.00369820909857
IFP,All Patients,39.62979247388489
IFP,All Patients,62.41802743221999
IFP,All Patients,37.949029712332546
IFP,All Patients,62.970958398080036
IFP,All Patients,51.54892719770741
IFP,All Patients,41.10666529842289
IFP,All Patients,57.39585073620659
IFP,All Patients,67.4707326538179
IFP,All Patients,48.027714029544555
IFP,All Patients,55.91692135961368
IFP,All Patients,33.43683580349728
IFP,All Patients,71.24134236077282
IFP,All Patients,56.165628019257184
IFP,All Patients,47.06592801685373
IFP,All Patients,63.662841021340085
IFP,All Patients,57.197419910857505
IFP,All Patients,73.54215462770858
IFP,All Patients,34.09409262920327
IFP,All Patients,36.38466375593198
IFP,All Patients,66.67533500920162
IFP,All Patients,54.23457453128452
IFP,All Patients,22.556513694595182
IFP,All Patients,84.0384170904541
IFP,All Patients,45.513921844656146
IFP,All Patients,58.40919707268789
IFP,All Patients,41.93005725860733
IFP,All Patients,51.106928098564964
IFP,All Patients,52.41832386741204
IFP,All Patients,55.24617302537204
IFP,All Patients,52.57641948278788
IFP,All Patients,39.13726489572674
IFP,All Patients,27.391791780079842
IFP,All Patients,58.55807310909805
IFP,All Patients,43.42590975885462
IFP,All Patients,53.80274451913717
ALT,Level III,5.786246815269928
ALT,Level III,5.3108476795156445
ALT,Level III,7.438356078150267
ALT,Level III,7.1958273228061875
ALT,Level III,5.832826184030702
ALT,Level III,6.215903310142302
ALT,Level III,6.415571235582379
ALT,Level III,6.695208003904989
ALT,Level III,7.961358284873378
ALT,Level III,5.449845758988834
ALT,Level III,7.38691262807676
ALT,Level III,6.172007115786934
ALT,Level III,5.33626409517198
ALT,Level III,5.534069848246214
ALT,Level III,5.45070959599671
ALT,Level III,6.35761132867187
ALT,Level III,6.693921164487679
ALT,Level III,7.344839319567669
ALT,Level III,4.961104021875253
ALT,Level III,5.648789774452048
ALT,Level III,5.582877407859382
ALT,Level III,5.029859338858555
ALT,Level III,5.295586180088278
ALT,Level III,4.880367877721637
ALT,Level III,5.450728907760538
ALT,Level III,6.445510635267026
ALT,Level III,5.839512968190498
ALT,Level III,5.999803793355446
ALT,Level III,6.943960045830614
ALT,Level III,6.5225727836479015
ALT,Level III,6.631859965166123
ALT,Level III,6.376493282286727
ALT,Level III,6.000079165495471
ALT,Level III,6.632258883664463
ALT,Level III,5.017538372182175
ALT,Level III,6.530932684749351
ALT,Level III,6.045548530903472
ALT,Level III,6.114821982359911
ALT,Level III,6.320903651857053
ALT,Level III,6.21164111978123
ALT,Level III,5.127921832039784
ALT,Level III,6.204792023834287
ALT,Level III,5.798317063959544
ALT,Level III,6.214200132158941
ALT,Level III,6.4712374589514035
ALT,Level III,5.570387522392443
ALT,Level III,6.079940363324286
ALT,Level III,5.406395561585351
ALT,Level III,6.596209628447669
ALT,Level III,6.30299132894818
ALT,Level III,5.4119795858806965
ALT,Level III,6.551805175574428
ALT,Level III,6.099059100128047
ALT,Level III,5.087661310897896
ALT,Level III,6.970338133504323
ALT,Level III,5.651134506476638
ALT,Level III,6.629337976414076
ALT,Level III,6.814197106204297
ALT,Level III,5.767456194339184
ALT,Level III,5.33346052765198
ALT,Level III,5.5980059354778655
ALT,Level III,6.044525982581009
ALT,Level III,5.5537464849713505
ALT,Level III,6.806496914379966
ALT,Level III,6.04315146717627
ALT,Level III,6.906226866035692
ALT,Level III,5.582920265429731
ALT,Level III,5.801791198665034
ALT,Level III,7.022133778726453
ALT,Level III,4.98807916171691
ALT,Level III,6.772211539130188
ALT,Level III,6.837794059743544
ALT,Level III,5.583676588882571
ALT,Level III,6.177759341695696
ALT,Level III,6.148778014225137
ALT,Level III,6.043543494534287
ALT,Level III,6.49706991935482
ALT,Level III,6.155027281546217
ALT,Level III,6.599821114081305
ALT,Level III,5.852871360901768
ALT,Level III,5.913327535368368
ALT,Level III,7.940177006114393
ALT,Level III,5.887827042574192
ALT,Level III,6.5351114633865395
ALT,Level III,6.253375362833755
ALT,Level III,4.835529495776113
ALT,Level III,6.218960080832517
ALT,Level III,5.556643370858993
ALT,Level III,7.764410334430156
ALT,Level III,6.6803702757046155
ALT,Level III,6.958047802407293
ALT,Level III,5.843451077449085
ALT,Level III,5.95408880541291
ALT,Level III,6.955308611351908
ALT,Level III,6.588136985786876
ALT,Level III,6.036800365027569
ALT,Level III,6.7563688084750995
ALT,Level III,5.000293272015243
ALT,Level III,6.760839917554047
ALT,Level III,5.787860417475411
ALT,Level IV,40.24054161628921
ALT,Level IV,36.832557053176544
ALT,Level IV,72.38094778901626
ALT,Level IV,64.93966098054052
ALT,Level IV,48.212769956016956
ALT,Level IV,36.650775667235976
ALT,Level IV,47.84603117726764
ALT,Level IV,60.830983420678635
ALT,Level IV,100.43823557067708
ALT,Level IV,45.49903488388328
ALT,Level IV,39.46093869554783
ALT,Level IV,41.92854474066687
ALT,Level IV,27.850292839325583
ALT,Level IV,41.02872771997194
ALT,Level IV,56.75022239061546
ALT,Level IV,49.96979826102407
ALT,Level IV,63.85702680919554
ALT,Level IV,88.36117699724643
ALT,Level IV,38.50232544695793
ALT,Level IV,35.60541430644648
ALT,Level IV,57.85120491699004
ALT,Level IV,27.48074556058722
ALT,Level IV,59.41565538157202
ALT,Level IV,31.97309904241033
ALT,Level IV,41.49111362193665
ALT,Level IV,51.99593251923912
ALT,Level IV,41.20267906355369
ALT,Level IV,40.81244382713752
ALT,Level IV,101.58850583871906
ALT,Level IV,63.9044796620496
ALT,Level IV,37.26880136264082
ALT,Level IV,45.38042958023929
ALT,Level IV,61.91864359484788
ALT,Level IV,57.95559875324413
ALT,Level IV,34.299467047774556
ALT,Level IV,56.332569411273674
ALT,Level IV,39.480403357009216
ALT,Level IV,42.71566559378144
ALT,Level IV,50.82555292523938
ALT,Level IV,38.56358792869189
ALT,Level IV,34.02056500480568
ALT,Level IV,78.5992146756721
ALT,Level IV,55.864654161132066
ALT,Level IV,42.67070763517062
ALT,Level IV,44.525437994937285
ALT,Level IV,45.1015015756988
ALT,Level IV,49.61434828062576
ALT,Level IV,41.990122157993056
ALT,Level IV,78.42557501942356
ALT,Level IV,57.319852988285305
ALT,Level IV,44.9699914425822
ALT,Level IV,58.795407386552355
ALT,Level IV,50.367532299032504
ALT,Level IV,36.04022443855335
ALT,Level IV,70.28093225196731
ALT,Level IV,43.76598188250001
ALT,Level IV,60.464868577001894
ALT,Level IV,44.08138264112438
ALT,Level IV,36.24740814783205
ALT,Level IV,53.952385966240946
ALT,Level IV,28.291164509587766
ALT,Level IV,61.30920117258821
ALT,Level IV,44.62938936371595
ALT,Level IV,58.30498000364625
ALT,Level IV,48.254803440953474
ALT,Level IV,49.60082570247983
ALT,Level IV,48.27684672604552
ALT,Level IV,48.831860284431606
ALT,Level IV,49.523289188118135
ALT,Level IV,38.49186724560054
ALT,Level IV,66.14112938259527
ALT,Level IV,40.46483406407247
ALT,Level IV,37.87081019869954
ALT,Level IV,39.66296865333506
ALT,Level IV,59.49345451197399
ALT,Level IV,42.92814193900118
ALT,Level IV,50.87033171770171
ALT,Level IV,73.93736931982177
ALT,Level IV,55.71516835873329
ALT,Level IV,58.55235212020924
ALT,Level IV,60.53593545551238
ALT,Level IV,46.121196511941655
ALT,Level IV,52.79554989458834
ALT,Level IV,57.60320486995629
ALT,Level IV,67.51192999196138
ALT,Level IV,31.034540967047004
ALT,Level IV,48.57957600877811
ALT,Level IV,46.99425085673503
ALT,Level IV,79.2512153624978
ALT,Level IV,61.50166803399244
ALT,Level IV,83.19473791583158
ALT,Level IV,48.814058009947885
ALT,Level IV,39.72496983341848
ALT,Level IV,43.83401819595935
ALT,Level IV,50.53067261736515
ALT,Level IV,48.17926733330345
ALT,Level IV,47.49769499755109
ALT,Level IV,41.921805771626865
ALT,Level IV,54.85611238824021
ALT,Level IV,44.70871696422202
ALT,All Patients,32.10701756040745
ALT,All Patients,28.985442930095157
ALT,All Patients,55.958683218452435
ALT,All Patients,49.68266955283643
ALT,All Patients,38.097861886615114
ALT,All Patients,28.89230773740516
ALT,All Patients,37.72843222537658
ALT,All Patients,47.59940649799089
ALT,All Patients,75.48799017589975
ALT,All Patients,36.19902183877357
ALT,All Patients,31.427527891473996
ALT,All Patients,32.721771579769644
ALT,All Patients,22.623439353527793
ALT,All Patients,31.915014557126277
ALT,All Patients,43.773362955331315
ALT,All Patients,39.5318103933284
ALT,All Patients,48.88635392172787
ALT,All Patients,66.9308273953509
ALT,All Patients,30.361704776859124
ALT,All Patients,28.23948012079154
ALT,All Patients,45.09717646533882
ALT,All Patients,22.290603427282186
ALT,All Patients,46.00495040307385
ALT,All Patients,25.2318953956724
ALT,All Patients,32.75654297692182
ALT,All Patients,40.63364409020028
ALT,All Patients,32.9234028103509
ALT,All Patients,31.699439718571305
ALT,All Patients,77.2962678061762
ALT,All Patients,49.284385794671955
ALT,All Patients,29.723882958785115
ALT,All Patients,36.09211529621477
ALT,All Patients,48.24638245908713
ALT,All Patients,45.44610848986269
ALT,All Patients,26.170054885783614
ALT,All Patients,43.85420690862411
ALT,All Patients,31.34066227694102
ALT,All Patients,33.45480097768221
ALT,All Patients,39.443443706471776
ALT,All Patients,30.174946374293306
ALT,All Patients,26.622215610286805
ALT,All Patients,59.57729414141947
ALT,All Patients,44.13941225858854
ALT,All Patients,33.59432909898594
ALT,All Patients,35.07910559622576
ALT,All Patients,35.09606446380255
ALT,All Patients,39.12898833759808
ALT,All Patients,32.14771509375204
ALT,All Patients,59.9798708441217
ALT,All Patients,44.08641626089727
ALT,All Patients,34.9796687076877
ALT,All Patients,45.871114706801556
ALT,All Patients,39.711067739555965
ALT,All Patients,28.705907646668848
ALT,All Patients,54.08716373857042
ALT,All Patients,33.851510182547905
ALT,All Patients,46.638651769513125
ALT,All Patients,34.50472133768355
ALT,All Patients,28.246060987236184
ALT,All Patients,42.44143168630341
ALT,All Patients,22.402300375435058
ALT,All Patients,47.66236354055737
ALT,All Patients,34.72492484125894
ALT,All Patients,45.56088534054211
ALT,All Patients,37.605780128807496
ALT,All Patients,38.78175842239999
ALT,All Patients,37.383746147616804
ALT,All Patients,38.123734735999335
ALT,All Patients,39.02277789230185
ALT,All Patients,30.231094460574703
ALT,All Patients,51.528071493785966
ALT,All Patients,31.469166098645502
ALT,All Patients,29.99952187615906
ALT,All Patients,31.051177476059816
ALT,All Patients,46.33691794889705
ALT,All Patients,33.468367384158704
ALT,All Patients,40.27105055939212
ALT,All Patients,57.052412023167264
ALT,All Patients,43.11924671451265
ALT,All Patients,45.00853795939355
ALT,All Patients,46.438194022885284
ALT,All Patients,36.575941635484845
ALT,All Patients,41.16482918743442
ALT,All Patients,44.65669048706628
ALT,All Patients,52.00687842064577
ALT,All Patients,24.024603345282515
ALT,All Patients,38.157063541658076
ALT,All Patients,36.36492746300853
ALT,All Patients,61.66470082766734
ALT,All Patients,47.159605472058765
ALT,All Patients,64.61547260941252
ALT,All Patients,37.46934010743547
ALT,All Patients,31.563802147801784
ALT,All Patients,34.90426776195063
ALT,All Patients,39.63387132867188
ALT,All Patients,37.893127854707885
ALT,All Patients,37.50524963662761
ALT,All Patients,33.009132263230484
ALT,All Patients,42.42601000540534
ALT,All Patients,34.573810377004094
SBP,Level III,7.042455881345501
SBP,Level III,7.543554612308175
SBP,Level III,6.188744152890794
SBP,Level III,7.429352152588083
SBP,Level III,6.047933674891457
SBP,Level III,6.2383967892506265
SBP,Level III,7.497740921194455
SBP,Level III,6.646439868581802
SBP,Level III,7.9717581465665095
SBP,Level III,6.743560470220937
SBP,Level III,6.991217571345963
SBP,Level III,5.339111627895791
SBP,Level III,9.987886862845189
SBP,Level III,7.415924993868542
SBP,Level III,7.152221739240675
SBP,Level III,6.382010532135777
SBP,Level III,6.79627112545563
SBP,Level III,8.354730103612205
SBP,Level III,7.370822561279386
SBP,Level III,5.456240845582471
SBP,Level III,7.444198621376373
SBP,Level III,7.2196087606884385
SBP,Level III,6.365103530238213
SBP,Level III,6.990305686536709
SBP,Level III,8.315402217558871
SBP,Level III,9.481546279244823
SBP,Level III,6.56832107070821
SBP,Level III,7.374405327795423
SBP,Level III,6.254480043833
SBP,Level III,9.536486337445377
SBP,Level III,6.588981906256498
SBP,Level III,7.118223388328439
SBP,Level III,6.526283269246001
SBP,Level III,8.061758326487547
SBP,Level III,7.06515229799981
SBP,Level III,6.042188342192173
SBP,Level III,6.9658408499014515
SBP,Level III,4.820640673811915
SBP,Level III,6.1487094412893235
SBP,Level III,7.22980299397193
SBP,Level III,5.818662456086066
SBP,Level III,5.994927698731867
SBP,Level III,7.633944579878105
SBP,Level III,7.273735388249549
SBP,Level III,5.709481590677223
SBP,Level III,6.508542658625587
SBP,Level III,6.326602458297807
SBP,Level III,5.492410864847812
SBP,Level III,5.616666331705563
SBP,Level III,6.698628341593744
SBP,Level III,7.722582342495742
SBP,Level III,7.3343854542832245
SBP,Level III,7.727601837216135
SBP,Level III,6.096693554885285
SBP,Level III,7.8839560837999265
SBP,Level III,6.009135433145245
SBP,Level III,6.75885052645505
SBP,Level III,7.4493440772359305
SBP,Level III,8.52617253872567
SBP,Level III,8.309439080689495
SBP,Level III,7.039773386082904
SBP,Level III,8.199716840169797
SBP,Level III,6.06984878140957
SBP,Level III,6.564249393797405
SBP,Level III,7.979840203173905
SBP,Level III,6.2785494424965504
SBP,Level III,8.325211652364162
SBP,Level III,6.681485058529641
SBP,Level III,6.2427795682275145
SBP,Level III,7.327840491405328
SBP,Level III,6.494257601295927
SBP,Level III,7.570637252703009
SBP,Level III,6.987564414393286
SBP,Level III,7.582272459324659
SBP,Level III,7.7145962248267175
SBP,Level III,5.107020480716179
SBP,Level III,7.355836318389007
SBP,Level III,6.39590947180191
SBP,Level III,8.478524590535281
SBP,Level III,9.144318282717606
SBP,Level III,8.114954271876263
SBP,Level III,6.973634723203705
SBP,Level III,6.623923148654923
SBP,Level III,7.099162074534182
SBP,Level III,6.355589280252201
SBP,Level III,4.785986313071054
SBP,Level III,8.28585790445907
SBP,Level III,8.863375599541989
SBP,Level III,5.793776277457974
SBP,Level III,8.733172092364958
SBP,Level III,6.215916582268075
SBP,Level III,5.9007816967128335
SBP,Level III,4.79712812284602
SBP,Level III,5.506425960457489
SBP,Level III,6.271488012545206
SBP,Level III,6.945647344986368
SBP,Level III,4.649860921366361
SBP,Level III,5.352878489685358
SBP,Level III,6.567486044966327
SBP,Level III,5.745031545262202
SBP,Level IV,55.827224669019515
SBP,Level IV,45.4074022607834
SBP,Level IV,42.069647513590155
SBP,Level IV,53.87319584026582
SBP,Level IV,31.547766660802715
SBP,Level IV,43.80353635880753
SBP,Level IV,55.644946493680955
SBP,Level IV,33.24552170174873
SBP,Level IV,66.52842826424536
SBP,Level IV,42.047315784185464
SBP,Level IV,42.08376006743778
SBP,Level IV,25.955224500194074
SBP,Level IV,93.70695653000868
SBP,Level IV,42.02705934954027
SBP,Level IV,52.45617581326002
SBP,Level IV,45.957479776363265
SBP,Level IV,51.27285091811869
SBP,Level IV,76.37086958215518
SBP,Level IV,47.282802336470844
SBP,Level IV,33.49121258283093
SBP,Level IV,51.10777532813336
SBP,Level IV,67.40053487846097
SBP,Level IV,49.775194509433994
SBP,Level IV,51.56799162392023
SBP,Level IV,60.67488807237806
SBP,Level IV,89.5661043796092
SBP,Level IV,44.03163691710369
SBP,Level IV,52.08711266630316
SBP,Level IV,33.97013636312038
SBP,Level IV,78.47756990717508
SBP,Level IV,44.653727530503964
SBP,Level IV,57.96580805967803
SBP,Level IV,57.67270120528496
SBP,Level IV,61.09225926450637
SBP,Level IV,56.54686012027235
SBP,Level IV,34.95865160418317
SBP,Level IV,47.89156906646253
SBP,Level IV,25.372728094912357
SBP,Level IV,36.28972633755193
SBP,Level IV,48.03189837478209
SBP,Level IV,32.04283079896283
SBP,Level IV,33.68507427605808
SBP,Level IV,49.199710377380754
SBP,Level IV,61.577830758788245
SBP,Level IV,48.480080959402144
SBP,Level IV,41.00835843397584
SBP,Level IV,50.170316409021645
SBP,Level IV,30.973284216855664
SBP,Level IV,34.3919950391888
SBP,Level IV,49.3961387034024
SBP,Level IV,64.0273826115612
SBP,Level IV,54.77085167567936
SBP,Level IV,66.5958425899889
SBP,Level IV,38.53716227708582
SBP,Level IV,53.725530399826866
SBP,Level IV,31.969116517254683
SBP,Level IV,52.60871188911663
SBP,Level IV,56.06240482593312
SBP,Level IV,62.728773353126435
SBP,Level IV,68.34268510443142
SBP,Level IV,48.20724953548476
SBP,Level IV,58.33929838612476
SBP,Level IV,52.99886498747595
SBP,Level IV,35.70136790619683
SBP,Level IV,63.568024285413145
SBP,Level IV,41.54252649338571
SBP,Level IV,59.79655771094616
SBP,Level IV,56.18734452369301
SBP,Level IV,37.85411809563096
SBP,Level IV,57.5313045858299
SBP,Level IV,45.52525304195531
SBP,Level IV,45.18043574095172
SBP,Level IV,50.64851760407013
SBP,Level IV,59.66769814486459
SBP,Level IV,60.7586562251031
SBP,Level IV,24.469076399151202
SBP,Level IV,50.84964108631888
SBP,Level IV,46.49517955550913
SBP,Level IV,73.65568437175007
SBP,Level IV,78.57385315084757
SBP,Level IV,49.15656487651779
SBP,Level IV,55.20387664879792
SBP,Level IV,58.6176970103854
SBP,Level IV,64.87040201634268
SBP,Level IV,47.204007829496994
SBP,Level IV,24.95185309099875
SBP,Level IV,61.88686747424237
SBP,Level IV,62.93699699354599
SBP,Level IV,35.885741576365966
SBP,Level IV,59.06451748655802
SBP,Level IV,44.493100640222245
SBP,Level IV,44.39847264175673
SBP,Level IV,28.180041443328836
SBP,Level IV,31.204441838310636
SBP,Level IV,51.07933366364235
SBP,Level IV,48.079864497429014
SBP,Level IV,27.884285071682317
SBP,Level IV,34.291915316989034
SBP,Level IV,57.64220706910779
SBP,Level IV,43.47001134611897
SBP,All Patients,43.77108980095859
SBP,All Patients,35.820081862611794
SBP,All Patients,33.203581286050884
SBP,All Patients,42.19981039726079
SBP,All Patients,24.881381751628776
SBP,All Patients,34.18171042922672
SBP,All Patients,43.11111380425448
SBP,All Patients,26.23151272586758
SBP,All Patients,51.66115271649372
SBP,All Patients,33.08534707347824
SBP,All Patients,33.617663720970455
SBP,All Patients,20.842120373528783
SBP,All Patients,72.78636481134002
SBP,All Patients,32.79529393302977
SBP,All Patients,41.033989806220724
SBP,All Patients,36.355798460408025
SBP,All Patients,39.936898129738
SBP,All Patients,59.20116209642909
SBP,All Patients,37.33229498204983
SBP,All Patients,26.75423038460272
SBP,All Patients,39.966710240176084
SBP,All Patients,52.89072084116884
SBP,All Patients,38.62582482817555
SBP,All Patients,39.81772904471955
SBP,All Patients,47.504286123875076
SBP,All Patients,69.09175663624042
SBP,All Patients,34.51960125913459
SBP,All Patients,40.070825012097146
SBP,All Patients,26.837237158441482
SBP,All Patients,60.75594216416253
SBP,All Patients,35.211041882689734
SBP,All Patients,46.051542937036224
SBP,All Patients,44.18095309164234
SBP,All Patients,48.11325312424695
SBP,All Patients,44.78336758268481
SBP,All Patients,27.358292679579556
SBP,All Patients,38.298764154942106
SBP,All Patients,20.095972347761037
SBP,All Patients,28.828243833162446
SBP,All Patients,38.24992991096406
SBP,All Patients,25.375055153975282
SBP,All Patients,26.791967404895626
SBP,All Patients,38.87967141162426
SBP,All Patients,47.91533542671003
SBP,All Patients,37.80683701530109
SBP,All Patients,32.18060474318774
SBP,All Patients,39.104713297310994
SBP,All Patients,24.566455428635297
SBP,All Patients,27.041330502063936
SBP,All Patients,38.224941911948626
SBP,All Patients,50.242065384858286
SBP,All Patients,42.31168782452149
SBP,All Patients,51.73147788671825
SBP,All Patients,30.508665672003247
SBP,All Patients,42.29642087972552
SBP,All Patients,25.030561882400875
SBP,All Patients,41.36876844896979
SBP,All Patients,44.20717611473858
SBP,All Patients,49.15991806640452
SBP,All Patients,53.629707098612755
SBP,All Patients,37.31840433587499
SBP,All Patients,45.198332594595676
SBP,All Patients,40.62029628699624
SBP,All Patients,28.575591997535284
SBP,All Patients,49.88202406268052
SBP,All Patients,32.92717492405562
SBP,All Patients,46.81216470613177
SBP,All Patients,43.844239400977074
SBP,All Patients,29.947649976593038
SBP,All Patients,45.01501395071855
SBP,All Patients,35.74519565673293
SBP,All Patients,35.71149071845063
SBP,All Patients,39.679413168799144
SBP,All Patients,45.99527390241035
SBP,All Patients,47.28298450740699
SBP,All Patients,19.635190234211013
SBP,All Patients,40.263637555747074
SBP,All Patients,36.20142613439096
SBP,All Patients,59.0276099985425
SBP,All Patients,61.0023765327827
SBP,All Patients,38.74826452948482
SBP,All Patients,42.90311122716497
SBP,All Patients,46.49443116643921
SBP,All Patients,49.998597674887016
SBP,All Patients,36.758750118274584
SBP,All Patients,19.70616885838017
SBP,All Patients,47.63285938920304
SBP,All Patients,49.0420682256348
SBP,All Patients,28.05532881187793
SBP,All Patients,46.116299320266066
SBP,All Patients,34.95879291097864
SBP,All Patients,34.318749345138684
SBP,All Patients,22.277453319353324
SBP,All Patients,25.178450333118565
SBP,All Patients,39.77460196267748
SBP,All Patients,38.03523584237545
SBP,All Patients,21.906872474650104
SBP,All Patients,27.34113731267404
SBP,All Patients,45.44491067841099
SBP,All Patients,33.80493387647799
