Hours,Mon,Tue,Wed,Thu,Fri,Sat,Sun
0-1,7.84,7.5,7.51,7.49,7.49,7.13,7.12
1-2,5.79,5.37,5.38,5.35,5.36,5.07,5.06
2-3,4.94,4.5,4.51,4.5,4.49,4.31,4.32
3-4,3.7,3.33,3.34,3.3,3.34,3.11,3.12
4-5,2.19,1.83,1.81,1.8,1.82,1.68,1.68
5-6,4.33,3.58,3.59,3.54,3.55,3.21,3.19
6-7,6.78,6.39,6.4,6.37,6.36,6.08,6.07
7-8,8.83,8.23,8.17,8.18,8.25,7.98,7.97
8-9,15.23,14.95,14.93,14.9,14.9,14.49,14.48
9-10,21.59,21.26,21.24,21.23,21.27,20.64,20.61
10-11,21.71,21.44,21.43,21.45,21.43,20.65,20.64
11-12,17.53,17.11,17.12,17.11,17.1,16.59,16.51
12-13,15.55,15.18,15.17,15.18,15.17,14.73,14.72
13-14,18.26,17.93,17.94,17.92,17.92,17.43,17.41
14-15,20.87,20.76,20.77,20.75,20.77,19.97,19.96
15-16,18.28,18.14,18.15,18.13,18.13,17.33,17.35
16-17,17.31,17.14,17.15,17.13,17.14,16.47,16.45
17-18,16.28,16.1,16.11,16.08,16.1,15.38,15.39
18-19,16.87,16.46,16.44,16.43,16.44,15.97,15.98
19-20,22.61,22.47,22.46,22.43,22.44,21.64,21.63
20-21,23.05,22.81,22.8,22.79,22.79,22.44,22.43
21-22,17.53,17.23,17.24,17.21,17.22,16.75,16.74
22-23,12.49,12.31,12.3,12.29,12.29,11.83,11.82
23-0,7.52,7.23,7.21,7.22,7.24,7.03,7.02
