Strategy,Level,Metric,Consult_Queue_Wait,Device_Queue_Wait,Headline_Wait,Device_Counted,Device_Share_pct
IFP,Level III,extended,50.463725112047186,0.2357434615123387,50.699468573559535,True,0.4649821154837156
IFP,Level IV,extended,52.96830786431357,0.25089178643836074,53.21919965075193,True,0.47143096492398284
IFP,All patients,extended,52.339893693039066,0.24708052607364953,52.586974219112726,True,0.46985119365138933
ALT,Level III,extended,5.9477662381478,0.19615834660647968,6.143924584754279,True,3.1927206120536207
ALT,Level IV,extended,50.80314396445019,0.22768193276616958,51.03082589721635,True,0.4461654867682423
ALT,All patients,extended,39.534376304402684,0.2197747347422833,39.754151039144965,True,0.552834682662136
SBP,Level III,extended,6.727036975011678,0.20024188115340671,6.927278856165085,True,2.8906282728202433
SBP,Level IV,extended,49.65055408372948,0.23025774513921754,49.88081182886867,True,0.46161587331254134
SBP,All patients,extended,38.853462736229034,0.2226418935385348,39.07610462976757,True,0.5697648106124931
