k1,k2,mean_wait,std_wait,SL3,SL4
11.0,24.0,42.78072334475643,11.493036247343989,0.9995135049981689,0.9776460138735927
11.0,24.1,43.52391718217963,11.456639248773435,0.9992837857734852,0.9747231181227548
11.0,24.2,44.046884031132834,11.836471624892896,0.9991272175448381,0.9744951727888498
11.0,24.3,44.647822972815305,10.539641386591512,0.9992505878441673,0.9747748079931291
11.0,24.4,44.147594919157136,10.259699254122056,0.999219913047578,0.9758444979357987
11.0,24.5,44.721998830183246,10.829869800248028,0.9992436210792591,0.9756210423896998
11.0,24.6,44.09135302957334,11.638845128010354,0.999356028762825,0.975724750544043
11.0,24.7,43.619950364248936,10.758295384791193,0.9990878753170067,0.9749799276530677
11.0,24.8,44.4253123551095,9.927896444200162,0.9991440099043214,0.9765732495394461
11.0,24.9,43.00447409212225,12.008592589676162,0.9993604236861365,0.9758308504804528
11.0,25.0,43.15043738758605,11.860206318282234,0.9992302332746377,0.9769599463722437
11.0,25.1,44.73502565759424,10.821511933107434,0.998872265112565,0.9745620303392964
11.0,25.2,43.67045490177394,10.340557269274193,0.9988000522092895,0.9761170710824685
11.0,25.3,45.31595040852955,12.744287125849436,0.9989678658020759,0.9742109599971921
11.0,25.4,44.74696336411699,12.171361740968852,0.9993034598158721,0.9746949224368981
11.0,25.5,42.844958164436704,10.563363442037426,0.9992357684363998,0.978278946416597
11.0,25.6,41.96768841329839,10.619212959426543,0.9993203926050854,0.9789269911617889
11.0,25.7,42.4472921931542,10.59858247532527,0.9992745813123338,0.9788899163495912
11.0,25.8,41.71375749867485,11.187157967290538,0.9994220311643399,0.9810271991505582
11.0,25.9,43.8286878235081,12.317795009376399,0.9992686431145412,0.9771749631062826
11.0,26.0,42.510347533663314,10.61043203557247,0.9992059876133915,0.9804014213225996
11.1,24.0,42.68874825087912,11.357671347975515,0.9994189396871918,0.977851009580995
11.1,24.1,43.965436498534544,11.49044010037019,0.9993602611067908,0.9759600836153257
11.1,24.2,43.504419870594205,11.374412029856925,0.9991711314007854,0.976695898931374
11.1,24.3,44.29320707750051,10.735344229781058,0.9990757877394629,0.9767915300463663
11.1,24.4,44.032003821091976,10.992879255416037,0.9990520667900223,0.9766857438428873
11.1,24.5,43.41673462791637,12.460222476005756,0.9991845337372761,0.9759065896933687
11.1,24.6,44.06777531879677,10.75774350436276,0.9992758272477125,0.9757064951689989
11.1,24.7,43.335772171267145,11.37599432254454,0.9992406767917543,0.9770389568271837
11.1,24.8,45.25440238012208,10.49072028432874,0.9993643909605838,0.9751460241948962
11.1,24.9,43.606604795354684,10.209646402215803,0.9994148098274614,0.9769609669406126
11.1,25.0,43.37630255703727,10.489813999642479,0.999410953612813,0.9765114546913343
11.1,25.1,43.28556707120437,10.077199454541391,0.9993499405191784,0.9775466483657931
11.1,25.2,44.34487076915719,11.699497736229324,0.999254361577838,0.9775184448403524
11.1,25.3,44.18660505569491,12.127692569631058,0.9993105532438092,0.9764444816687895
11.1,25.4,44.119137796698396,10.904790446342513,0.9991916632209851,0.9764945735110037
11.1,25.5,42.952743559855556,11.572038382552968,0.999171474390518,0.9789807309486368
11.1,25.6,42.99951123830478,10.44440453789479,0.999404538123548,0.9772402400241752
11.1,25.7,43.54297952130667,12.961448450256759,0.9994687164595399,0.9769809874078674
11.1,25.8,41.42784894183049,10.957964120031955,0.9993551947430396,0.9806855477770563
11.1,25.9,42.94053752115282,10.918947801962394,0.9991564703026898,0.9782998168940498
11.1,26.0,42.569249203824754,9.84256798650223,0.9992650217428067,0.9802482626800203
11.2,24.0,41.68005576187851,9.718427432626752,0.9994414405608161,0.9766269229142182
11.2,24.1,43.7653637731044,13.575603285263789,0.9994263795472813,0.976398795427592
11.2,24.2,43.275761652083304,12.547690091753834,0.999303425390141,0.9773095245542188
11.2,24.3,41.16961843036632,10.541425818301384,0.999327420656376,0.9782242608331672
11.2,24.4,40.92994845836092,9.639460612415538,0.9992748474067085,0.9798076241578144
11.2,24.5,41.94959452721525,11.10660391428413,0.9992374933278519,0.9789939116605596
11.2,24.6,44.09624718642687,12.35385280431753,0.9993125143321587,0.9767992686110613
11.2,24.7,43.40827881003617,11.505598232708152,0.999070102492371,0.9779264658007994
11.2,24.8,44.365047467886995,11.457401845359048,0.9991110199198335,0.9757728092084649
11.2,24.9,44.02864909097014,10.46877773991824,0.9993118413685835,0.9762068015716985
11.2,25.0,42.94326886338543,8.492722023308428,0.9994412590504447,0.9772474911264086
11.2,25.1,43.40873260764092,9.890194467160406,0.9994439619184632,0.9767281807464743
11.2,25.2,43.801905026453525,9.769109101929583,0.9991880167002711,0.9747687656614282
11.2,25.3,43.97725590058338,10.965919205890467,0.9992221354559554,0.9773564333330305
11.2,25.4,44.025621434762805,10.385332446514406,0.9993313323995656,0.9758099183076067
11.2,25.5,42.52863491398871,10.042149289435992,0.9993909513570657,0.9777919355722325
11.2,25.6,43.49106719725032,11.235832717434809,0.9993742761737698,0.9769726319065648
11.2,25.7,43.96468133711762,10.441029439827279,0.9993847234193021,0.9764909472308188
11.2,25.8,42.15138599564434,9.008461596431157,0.9993632789476934,0.9796024855240506
11.2,25.9,42.156375483686446,9.556933987429074,0.999294049977741,0.978053481262412
11.2,26.0,43.26927539748365,10.876427705403998,0.9993044483672936,0.9795458387110658
11.3,24.0,42.87271642692774,10.210997830982093,0.9992297523100175,0.9758910473903998
11.3,24.1,43.95758416553774,12.340619296527192,0.9992225212702225,0.9750580184401345
11.3,24.2,43.138520535415225,10.050066567368743,0.9991812821991382,0.9764520023181464
11.3,24.3,43.50831209676165,11.056405796357536,0.999217362312673,0.9744321169762555
11.3,24.4,43.06123167976972,11.425337168182427,0.9993118459516923,0.9768817856936505
11.3,24.5,43.445988328939094,12.524130288802612,0.9993628540639873,0.9775965712554092
11.3,24.6,44.496373937269965,12.142838223731687,0.9991704495351839,0.975710179118047
11.3,24.7,43.37681522469452,12.636080682548117,0.9991884435775066,0.9766515788778404
11.3,24.8,44.064892634049414,12.41447374937038,0.9992567022097333,0.9761577197173509
11.3,24.9,43.98113807058286,10.580160657631605,0.999220177132068,0.974197495765115
11.3,25.0,44.531348466820425,10.340169097828543,0.9992123421898256,0.9768422820140694
11.3,25.1,45.25119554185244,10.465069450300357,0.9992769685216301,0.9751543068743557
11.3,25.2,43.8908034563097,10.588462085867539,0.9990963026989419,0.9766192909165379
11.3,25.3,45.15948957196237,12.554421747035157,0.9991568973168437,0.9738877971179905
11.3,25.4,44.222785057969624,11.475270477368849,0.9993205906275853,0.9775522214588896
11.3,25.5,43.6490977476011,11.644930605648224,0.9995240684715404,0.9773550068224385
11.3,25.6,43.10345662157628,11.380710398881517,0.9993892904202132,0.9789938854999195
11.3,25.7,43.756424380153085,11.863069806944738,0.999406150507205,0.9760471860848746
11.3,25.8,42.95218348955382,10.60324131937583,0.9993744369985527,0.9795659872406222
11.3,25.9,42.90670589632851,9.914016087979821,0.9994679935049526,0.9779811961759948
11.3,26.0,44.79464030819157,15.05633092848072,0.9991978006939859,0.9776263959087327
11.4,24.0,43.73099685995989,10.433631145922046,0.9991507993602282,0.9774190394308113
11.4,24.1,43.413711322815644,11.062471245560328,0.9993157297794155,0.977254581353666
11.4,24.2,43.731451645645784,9.899456517829178,0.99924385726014,0.9753931346680125
11.4,24.3,43.43122020256347,10.248838175786062,0.9992585053620539,0.9759041047584348
11.4,24.4,42.704895320140764,10.860188067666504,0.999130153092781,0.9775765624938317
11.4,24.5,42.48129377580208,12.294858143110078,0.9991442759507619,0.9772511938716549
11.4,24.6,43.00264116815353,12.32638622043109,0.9992057713202951,0.9803860450326057
11.4,24.7,42.35134794854331,11.008719942191068,0.9992261097204234,0.9773441445585731
11.4,24.8,42.555391468249184,10.441085571530522,0.9991612704379225,0.9789931434118667
11.4,24.9,44.350543817441206,11.501998686671223,0.9991155061287702,0.9763726364816826
11.4,25.0,44.21987822032757,11.091760680157075,0.9993488611837285,0.9767715703113088
11.4,25.1,44.008205021357405,11.210180980100668,0.9992637024393619,0.9772045602591575
11.4,25.2,42.28100572251035,9.780921429400161,0.9993149105948658,0.977975416232817
11.4,25.3,43.48654488157835,10.471599983083665,0.999205215625566,0.9772926414891239
11.4,25.4,43.1959950642052,10.090023088663969,0.9993190404391413,0.9793315393838417
11.4,25.5,43.794574193973794,11.165672396480419,0.999358689376684,0.9781581837391706
11.4,25.6,44.32707325893775,13.203473321933796,0.9993611020393649,0.978067627874417
11.4,25.7,43.765637357435374,11.760820411596494,0.9993232185963851,0.9762182708938181
11.4,25.8,43.59598635658829,11.08352277547274,0.9995548340536459,0.9773903829046645
11.4,25.9,43.210121615312126,9.294634935305362,0.9993498166320575,0.9790210106910832
11.4,26.0,44.5450779931732,11.232109936016307,0.9993471754680381,0.9777557138406705
11.5,24.0,44.057539673005074,10.886797868974156,0.9994536570157806,0.9764378942796145
11.5,24.1,44.993441779336344,12.195596640450248,0.9991488708055752,0.9760547629279224
11.5,24.2,43.024538585847985,9.509071982277021,0.9992115066118149,0.9776592419381882
11.5,24.3,44.77016732847917,11.42009900449705,0.9993138287967347,0.9758448587126409
11.5,24.4,43.899359094970976,11.443582349990358,0.9992599739105539,0.9771266085384712
11.5,24.5,42.79173163870776,11.174728831915914,0.9992491144525489,0.9775091208891697
11.5,24.6,42.666191467426636,10.320036225419154,0.999471999961727,0.9793929634771267
11.5,24.7,41.804709739880465,10.489820816797181,0.9992386422741215,0.9786278495781434
11.5,24.8,43.736797755861254,10.98022369973697,0.9991726474377693,0.9775972816467818
11.5,24.9,43.42291717282907,11.404899005059379,0.9993086734941032,0.9779010513112487
11.5,25.0,42.83371555978349,10.710761733523205,0.9993180957977609,0.9772938073493368
11.5,25.1,44.53196746466806,12.068550868771752,0.999450972501312,0.9756935344601557
11.5,25.2,44.56649460576591,12.079552999460667,0.9994647264459274,0.9726299958101029
11.5,25.3,42.48681958246179,11.320695328432487,0.9992247259842567,0.9750844451782662
11.5,25.4,43.48191141471096,11.158861031256382,0.9993338584262961,0.9773090363926965
11.5,25.5,43.045440185726896,11.2070426617312,0.9994149912373661,0.978186576838519
11.5,25.6,43.67171178431109,12.427999752862032,0.9993273622117117,0.9777680844996801
11.5,25.7,43.6923711280803,13.96686827321064,0.9994500098755924,0.9793528271568644
11.5,25.8,43.63516709133094,11.341984993627202,0.9992864501937601,0.9781610818728862
11.5,25.9,43.14040752676864,9.930677380819978,0.9994838363995746,0.9794757003779008
11.5,26.0,43.97749156720654,10.171141146464654,0.9992991168722231,0.9763435660117601
11.6,24.0,42.86458601117105,10.687271071678019,0.9991686336080909,0.9745232246321006
11.6,24.1,42.07732965640265,8.947298943053786,0.9993111752413423,0.9761066663681633
11.6,24.2,42.7819367685856,10.055008437791564,0.9992951994078433,0.9762579673694174
11.6,24.3,44.42275369108493,10.683073370926625,0.9993422248822779,0.976196443627825
11.6,24.4,43.45970368802036,11.525234856479948,0.9992761061915423,0.9777375177672429
11.6,24.5,44.045467966492,11.80302832912488,0.9992125559005263,0.978391363136881
11.6,24.6,43.110415917728524,10.851073461643407,0.9994504546910161,0.9786011418755581
11.6,24.7,41.751472072632566,9.292383066395468,0.9994744610832895,0.9805706244205393
11.6,24.8,43.82904210653239,9.348621083088672,0.9993390348274537,0.9778490198032701
11.6,24.9,43.85223132715491,11.876665043267685,0.9994027676901912,0.9794283468292696
11.6,25.0,44.32211860024913,11.005351048429489,0.9994300462394778,0.9775497697891674
11.6,25.1,44.32878085435504,12.879304814649405,0.9996356872600691,0.9769322610208688
11.6,25.2,44.52608626623124,13.855800198399388,0.9995832207416274,0.9760894540035888
11.6,25.3,43.609173965850644,11.875519950186586,0.9992994305451177,0.9766145192701012
11.6,25.4,43.56518455531458,11.350098923044243,0.9994407412125003,0.9788563319499675
11.6,25.5,44.678008549292784,10.837621220737095,0.9995272992013201,0.9783930180445638
11.6,25.6,42.94780611761188,10.462028796147724,0.9995318975084112,0.9785954488361268
11.6,25.7,43.156099735348015,10.885844542232755,0.9995508627697072,0.9777629818082335
11.6,25.8,44.36292296833228,11.352789817671871,0.999513335699002,0.9794297536048314
11.6,25.9,43.691283966096016,11.761472554477962,0.999361271564105,0.9787562587079496
11.6,26.0,45.34524807828643,11.231058275946852,0.9994082577383014,0.9770877125277627
11.7,24.0,42.21517707245293,11.361632099508391,0.9991660011543351,0.9763387186722903
11.7,24.1,42.6119888833331,10.24106819280332,0.9992416663232677,0.976696410281303
11.7,24.2,42.034747346705444,11.810771106549064,0.9992835680058166,0.9763020788354305
11.7,24.3,43.25173234937099,12.939279457213573,0.9995364540820603,0.9770436832255766
11.7,24.4,43.080909938346174,12.161078882949102,0.9994931078806226,0.977458777439626
11.7,24.5,43.678445803568586,10.706793507193005,0.9992648055240697,0.977848342395713
11.7,24.6,43.56040656067743,10.934543166507076,0.9994380194504209,0.9776543758156931
11.7,24.7,43.19204339871986,11.170889235458109,0.9992325094265585,0.9792512025279746
11.7,24.8,43.19434670584333,9.714347401275504,0.9993252537860365,0.9787756791260424
11.7,24.9,42.939644652031,10.1749378335568,0.9994458825094884,0.9770282264737871
11.7,25.0,43.51405421330092,11.851174710334279,0.999435208007878,0.9766726260062555
11.7,25.1,45.08654529384775,12.872446727132363,0.9996366594426368,0.9748752401713243
11.7,25.2,44.04148300813657,12.160486360104603,0.9995259467781651,0.974601446963117
11.7,25.3,42.835156078983985,11.957003771839991,0.9995052866161193,0.9749190686639985
11.7,25.4,44.500056808747104,10.684471623826925,0.999471857768532,0.9765970187047779
11.7,25.5,43.933074002528585,10.63026813220615,0.9994902216881957,0.9750915330081404
11.7,25.6,42.861998959784025,10.992673033807181,0.9993770879271224,0.9789438782172932
11.7,25.7,42.656177255384726,11.436384217647545,0.9995698167947278,0.9783146718179548
11.7,25.8,43.622699071145774,11.276217969198319,0.9993572361803258,0.9773596236364093
11.7,25.9,42.60737716804254,10.48368504092773,0.9993063510568955,0.9788398383902108
11.7,26.0,44.33357169947771,11.289407791120736,0.9993883273852444,0.9775039345135
11.8,24.0,41.056384592944454,10.182890018408324,0.9992659112324778,0.9789056453026752
11.8,24.1,42.75307666137704,10.807461872672956,0.9994326235434204,0.9776102112319144
11.8,24.2,42.24243343664324,10.840965415519683,0.9995060377274761,0.9782271876666826
11.8,24.3,43.021788659902455,12.170256397227998,0.9996402120061163,0.9795857466957736
11.8,24.4,43.2075849938768,11.462767129701934,0.999582529305161,0.9775596851887838
11.8,24.5,43.446825654728656,10.474499906439235,0.9993880459831241,0.978114019839126
11.8,24.6,43.15189267239668,9.915751464431041,0.9992739220606173,0.9773487282585955
11.8,24.7,43.26981022678653,10.291424451826042,0.9994312883029025,0.9788345338190855
11.8,24.8,43.031555459342734,9.549059944588628,0.9994743787200621,0.9799908175618067
11.8,24.9,43.531465195471476,10.784194134941854,0.9994206967124387,0.9785614351556404
11.8,25.0,43.166944000873166,10.164807336045653,0.9992644821295142,0.9782629881966648
11.8,25.1,43.88041925682523,10.78266892851642,0.9994046996309066,0.977756548050336
11.8,25.2,44.14180226633033,10.789810825356154,0.9996210245452671,0.9771853992111639
11.8,25.3,44.40465948798922,13.258214172098194,0.9995506897520962,0.9772443716794834
11.8,25.4,44.251256700926746,11.022275772465576,0.9995693559145529,0.9774332170301028
11.8,25.5,45.130786295180314,11.009695450045127,0.9993847320918732,0.9752706433650806
11.8,25.6,41.444176843765874,9.436775534290568,0.9995685112909581,0.9806471544648163
11.8,25.7,42.2415641522851,11.514548370460354,0.9995489685562928,0.9798588673381085
11.8,25.8,42.42793686886017,11.229596600886964,0.9994243412767093,0.9797524670606113
11.8,25.9,42.80273393630319,9.951351578795217,0.9992914618210572,0.9788836911819101
11.8,26.0,44.545809485631864,12.63682371156722,0.9994231311128269,0.9779776835374904
11.9,24.0,41.20348496285574,11.070035182941687,0.9993938210607988,0.979274699686972
11.9,24.1,44.15127071936367,12.89076782151883,0.9995488744493745,0.9767749853729616
11.9,24.2,42.331069554518905,11.16051110192289,0.9995812675518008,0.9792648878201349
11.9,24.3,42.378658657917114,10.749833631455894,0.9995667427130548,0.979301810896277
11.9,24.4,44.27884507208184,12.000852220149833,0.9996086652854028,0.975013430992581
11.9,24.5,44.58111789827003,11.337525523749823,0.9994783722005155,0.9767580626194139
11.9,24.6,45.13832266999037,13.294815310478361,0.9994076782594434,0.9756493888191473
11.9,24.7,45.264408480666354,12.317281111255703,0.9994813271917026,0.9772664387952242
11.9,24.8,44.26772194639732,10.752942081836412,0.9994194134876895,0.9790493111611309
11.9,24.9,43.42717512940602,11.58918029990237,0.9994404729161925,0.9765281921385036
11.9,25.0,41.359661043740545,9.56970543564368,0.9995676864162911,0.9790040032319296
11.9,25.1,42.320749977136394,9.997257496346108,0.9997054927414378,0.9791536641700835
11.9,25.2,43.999871215249186,12.380770396944733,0.9994123872616771,0.9762753989934931
11.9,25.3,44.00391990160258,12.273333209368483,0.9994386459646113,0.9767964715809326
11.9,25.4,43.627582829218994,11.404208567949706,0.9994400508401342,0.9762742491201919
11.9,25.5,44.12452704038965,11.381142097504595,0.9994301412162074,0.9777857179846392
11.9,25.6,42.16825048069747,10.608492534221684,0.999423776010274,0.9787144554993457
11.9,25.7,41.35638770777573,10.645270559447907,0.9993824468082305,0.9798240663904006
11.9,25.8,41.99556190311169,11.079915255037736,0.9993458460998547,0.9790937399145363
11.9,25.9,44.08307569300155,12.096220495859837,0.9994022025500909,0.9758973264958059
11.9,26.0,43.79569828486614,12.594909948980586,0.9993473177963517,0.9769569340084848
12.0,24.0,39.07610462976757,10.53563214877143,0.9995093690699218,0.9814097813332938
12.0,24.1,40.79117680461423,11.209621969168754,0.9996923622389435,0.9815022464387654
12.0,24.2,42.3067807732406,12.484045428093609,0.9996267857715179,0.9798426977417602
12.0,24.3,42.14135201312904,13.590298059335044,0.9996279621091643,0.9824154479296776
12.0,24.4,43.37043065992449,11.821086159251314,0.999534448059804,0.9795758136147529
12.0,24.5,43.176607847374086,11.864717696944114,0.99964520177514,0.9795804812533858
12.0,24.6,42.50338757180279,10.107863509490643,0.9996201362896069,0.9808640181460332
12.0,24.7,41.88609832987063,9.492029893566201,0.999548688354775,0.9798864634923184
12.0,24.8,42.66121006755506,8.562679053649088,0.9993253605643561,0.9798573475891936
12.0,24.9,43.06730788601983,11.991340392856733,0.9993371920086367,0.9771578771512552
12.0,25.0,41.569389676122256,10.055963880745377,0.9995068325198707,0.9790688459324065
12.0,25.1,42.012213023727824,10.194034712911877,0.9994009979925548,0.9780083743391939
12.0,25.2,44.40684385932704,13.662829161117061,0.9994064327468175,0.9756410064931802
12.0,25.3,43.62128064440259,12.312171954602842,0.9994600824110416,0.9758290076060971
12.0,25.4,41.98164106167021,10.66365019448625,0.999419736039044,0.9777025190226825
12.0,25.5,42.468641292564996,9.792882546115147,0.9995023566716614,0.9781958776093406
12.0,25.6,41.97469308387804,9.808127732520756,0.9996074976112034,0.9778886395760945
12.0,25.7,41.80656999933504,9.987879749255317,0.9995131869775444,0.9773176131744485
12.0,25.8,41.88223477402321,13.498498718603518,0.9993320764660912,0.9811812370560884
12.0,25.9,40.308318509960785,10.079126290079344,0.9992760217996267,0.9839794670672588
12.0,26.0,42.59229291518568,12.709786155810159,0.9993774460932908,0.9798406616283024
12.1,24.0,42.01637286021638,11.961390702717653,0.9995109144490398,0.9771233614655291
12.1,24.1,40.83690055684934,10.829559180595629,0.9996578552005425,0.9791735383487424
12.1,24.2,40.940472944604004,10.990825861395894,0.9996898175453837,0.9806609565478297
12.1,24.3,42.4053602597185,12.307694937076656,0.9995248731684009,0.9809767071188672
12.1,24.4,43.48434636374502,12.074921396272364,0.9995673970329382,0.9780077046424391
12.1,24.5,42.58229544930814,11.93974288459837,0.9994880743674056,0.97955760282128
12.1,24.6,42.90452315444215,12.472706407578041,0.999430390192027,0.9790535040029934
12.1,24.7,42.358288762386834,11.172509145683517,0.9994542053388261,0.9790162383410717
12.1,24.8,42.90886895180584,11.460499790075115,0.9994387257371571,0.9784099094728149
12.1,24.9,40.52860350697184,10.287975852039713,0.9994946910845925,0.9804753800595557
12.1,25.0,41.70867235067889,10.047888704770212,0.9994379696560048,0.9796165351213973
12.1,25.1,42.88639261808514,10.383363780563927,0.9995710258143423,0.9759007790943827
12.1,25.2,42.99690474059049,11.705836247370323,0.9995929172797184,0.9755046418135851
12.1,25.3,44.25658689469852,12.474350633339933,0.9996513070083846,0.975092169502235
12.1,25.4,43.0519058842914,11.61166445788296,0.9994286569709628,0.9773565438357674
12.1,25.5,43.805992599624304,12.091701989932066,0.9994830538038793,0.976509122661535
12.1,25.6,42.73302425802759,11.765187148024172,0.9995274542598179,0.9774461346386519
12.1,25.7,41.226643184269236,9.252878962480837,0.9995963365533775,0.9799084801023364
12.1,25.8,41.86114784533493,11.800347788852042,0.9994107020638873,0.980569320234686
12.1,25.9,42.61247674855756,13.122618965264365,0.9994854226416291,0.9793385642722062
12.1,26.0,42.44537632246104,12.20679903064857,0.9995315308252235,0.9800873040855831
12.2,24.0,40.999718087216536,11.218366088687233,0.9996206124485184,0.9792017820213165
12.2,24.1,42.115742504819174,11.69293570526353,0.9995680784865908,0.9775618729024923
12.2,24.2,42.157215270225954,12.918782952941793,0.9997158273847547,0.976869131790897
12.2,24.3,41.97044013881032,11.219715186878462,0.9996955480041834,0.979027068736472
12.2,24.4,42.90304598131518,11.731145576527847,0.9996569150268201,0.9804618082466908
12.2,24.5,42.77467834253935,10.986677200088875,0.9995151752847389,0.9786350967535863
12.2,24.6,43.95999501051018,12.31621289304319,0.9996547946704708,0.9768025302341949
12.2,24.7,42.34010145979376,10.097309463900304,0.9994870895232059,0.9777529915568287
12.2,24.8,42.46421658317553,10.062106353914759,0.9995761505914499,0.9788333592928947
12.2,24.9,42.6662477654991,12.157076168959923,0.9995388765297584,0.9765915343592279
12.2,25.0,44.037884425185645,11.427431024956473,0.9994543195507481,0.9771588352437044
12.2,25.1,41.64480744408866,9.81831718822814,0.9996403015804194,0.9781788838781625
12.2,25.2,43.74770842734185,11.88043891855584,0.999657514889978,0.9755914143892241
12.2,25.3,42.301922474675166,10.911001625158102,0.9996772402800633,0.9764252043040549
12.2,25.4,43.32823331704364,11.107112568497659,0.9995858258919162,0.9753404564608245
12.2,25.5,41.52644137096396,10.31480680861278,0.999697047521837,0.9787916913983313
12.2,25.6,42.53849362802452,12.668670498605875,0.9995294573722717,0.9778233716841903
12.2,25.7,41.4067958339617,9.777480580397553,0.9995437192755072,0.9805512102865802
12.2,25.8,43.77950307915977,12.977423053089526,0.9995923856055949,0.9786261427903691
12.2,25.9,41.67808291936382,11.80640989676011,0.9994564012292609,0.9806311864997137
12.2,26.0,42.15823517479336,12.17878992702843,0.9996112640531298,0.9795707584357188
12.3,24.0,42.8059447661682,13.08560836588119,0.999592346981771,0.974376351578689
12.3,24.1,41.151482802744866,11.32817730580581,0.9995194413046166,0.9777433166555825
12.3,24.2,42.36976231807421,12.611034969286521,0.9996538875683547,0.9772680552997447
12.3,24.3,41.532351114026184,11.45920533016894,0.999744184576957,0.9797715825477927
12.3,24.4,41.76386304680779,11.676871032961353,0.999655845471588,0.9787638223940784
12.3,24.5,41.674388573486596,12.23772649319316,0.9996121834434138,0.9799505450126812
12.3,24.6,44.65144009082427,13.92755604129061,0.999692696267955,0.9760054258279581
12.3,24.7,44.08628556005842,14.923663041956313,0.9994160670174349,0.9782078426215313
12.3,24.8,44.804140824311446,13.76684766475081,0.9995148596828813,0.9747138797684803
12.3,24.9,43.529703616308254,13.104805559887083,0.9994298660423142,0.9769462642709311
12.3,25.0,44.22831444886992,13.371032435309058,0.999617408089806,0.9745352554652036
12.3,25.1,43.6654757238678,11.442072023632928,0.9995885472175757,0.9777598211367458
12.3,25.2,42.23305515379192,10.561328696208896,0.9996297922723981,0.9761646125597975
12.3,25.3,44.21207976674733,12.267685411505504,0.9995536524764578,0.9733033252880322
12.3,25.4,41.99804567443897,9.757733850825486,0.9995199355353062,0.9765036410865343
12.3,25.5,42.85035698347587,11.236892002184312,0.9996559961767155,0.9771310456589073
12.3,25.6,42.37363662591204,9.887273931138422,0.9996016911667498,0.9771761747933734
12.3,25.7,43.27327705575315,12.134850719788833,0.9996874938191528,0.9782959580859298
12.3,25.8,44.46431920143969,13.60734359424993,0.9996163587913945,0.9782747452508237
12.3,25.9,43.24506494385718,12.23048501707577,0.9995998035571969,0.9797308963762055
12.3,26.0,42.83019100726642,10.124430879961947,0.9996509292045423,0.9767278294857097
12.4,24.0,42.162344113546666,10.453849586950263,0.9997270337515539,0.9778395198255199
12.4,24.1,41.92162470669743,12.050689441849682,0.9996172709176487,0.9773221056270925
12.4,24.2,40.78762401403881,10.862817459631568,0.9997220727241165,0.9799122684577027
12.4,24.3,42.149642685984546,12.058149242243472,0.9997758431103317,0.9793638286472708
12.4,24.4,42.70845971079744,11.766200536453844,0.999593021440042,0.9782040424868345
12.4,24.5,43.88563601652004,11.768738335871445,0.9997050706923037,0.9774593340367289
12.4,24.6,43.628869223401786,10.395186144255348,0.9997262886078905,0.9770706021664114
12.4,24.7,42.89535571746338,9.84349876278211,0.9995396759767737,0.9772524883790831
12.4,24.8,45.1027069791871,13.219071386857179,0.9994405280373639,0.9771676404284014
12.4,24.9,43.92666504497726,12.227464330051152,0.9994329650923253,0.9771087744567509
12.4,25.0,43.748492128127836,10.732004030730568,0.999545058402633,0.9761581953075519
12.4,25.1,44.36207907755965,12.41550571750844,0.9996996531894041,0.977243686165428
12.4,25.2,41.32027231540738,10.01431671512204,0.9996819468153515,0.9774546400246372
12.4,25.3,41.02595173239491,11.408997030028598,0.9996304774984677,0.9784006688759164
12.4,25.4,41.62868194595779,12.047683274510653,0.9996357032465083,0.9796094471866374
12.4,25.5,41.14519107409592,10.520064307561526,0.9995707798185621,0.9814524031512122
12.4,25.6,41.70952202932188,10.430177304524955,0.9996156944987399,0.9793903264784592
12.4,25.7,42.20049892825028,11.929497594539392,0.9995407089736166,0.9786764664970053
12.4,25.8,41.54541896169723,10.44794831928362,0.9996525695469336,0.9796214266463497
12.4,25.9,43.177315784158125,12.060657520259028,0.9995814437968495,0.981057330199242
12.4,26.0,42.31592695004485,9.520671815646502,0.9997818610210504,0.9781587476148704
12.5,24.0,41.57893751181636,11.865496123624148,0.9995829034849243,0.9776037553720878
12.5,24.1,41.439254512580355,11.009954809277888,0.9996126639737597,0.97897604054919
12.5,24.2,40.663524212208834,10.804582646261107,0.9997214643537835,0.9818587791166632
12.5,24.3,44.39408259327436,16.696316380425476,0.9996450935482555,0.9777930230030896
12.5,24.4,41.916825702617935,12.808569000883598,0.9995970187203167,0.9800370714674049
12.5,24.5,43.35526016221049,12.107959054706912,0.999705571416855,0.9791802566272122
12.5,24.6,43.01713449079309,11.408887510373617,0.9997186914260193,0.9799834456818179
12.5,24.7,44.2113476295586,11.77890576262344,0.999702384078423,0.9760857564764872
12.5,24.8,43.84080889408688,11.646428123008517,0.9996007713407296,0.9781143018910595
12.5,24.9,44.6569728800544,13.313099112814871,0.99959977083888,0.9765430718043328
12.5,25.0,44.25090121778642,11.234172704954089,0.9996226214717479,0.9775261468157632
12.5,25.1,43.30659228888717,11.74484757201049,0.99963920864664,0.9783236516482516
12.5,25.2,42.10634172445868,11.333240696350437,0.9997479932049035,0.97739176655675
12.5,25.3,42.47279303758409,12.354299042190446,0.9996682799253708,0.9787933076003595
12.5,25.4,43.28506328484584,13.038426636200178,0.9996374342677372,0.9768157243485445
12.5,25.5,43.239753814657114,11.372975412544388,0.9995806325931232,0.9777307100072875
12.5,25.6,42.71580365862939,10.83915162186309,0.9996548409681616,0.9796115847219476
12.5,25.7,42.713377375818396,11.472409557452233,0.9996882827044884,0.97874996381892
12.5,25.8,42.564732707319465,11.734855124388595,0.9997276883161661,0.9791733562086915
12.5,25.9,41.520179770487374,10.947883645314663,0.9997058317119912,0.9809796419129055
12.5,26.0,41.65434911886896,10.11176807891472,0.999731085973907,0.9793563862417598
12.6,24.0,41.82002005128039,11.292377500659407,0.9996867247238121,0.9766664242496641
12.6,24.1,42.14495181564945,10.833379395869725,0.9996371325042115,0.9778172395919421
12.6,24.2,43.95790432030253,13.242175921678404,0.9996570112076462,0.977657797118754
12.6,24.3,42.498078258678134,11.189798131722101,0.9996134106499384,0.9786201990183956
12.6,24.4,40.334993340619256,9.536423903797282,0.999663490443251,0.9796979366589486
12.6,24.5,43.46820459023516,11.737397015370576,0.9996520035107266,0.9793335175524878
12.6,24.6,43.95383681036115,11.62688691449697,0.9995805503491089,0.9763328813464678
12.6,24.7,43.508458017678905,12.201162123391754,0.9994995272115103,0.9758618518544651
12.6,24.8,43.211244351412944,12.23557440524831,0.9995509138761156,0.9781544308528762
12.6,24.9,43.62979769876192,13.003932272518096,0.99958700717399,0.9791393369717599
12.6,25.0,42.549909672559814,11.144021936562213,0.999681192268998,0.9794855466535145
12.6,25.1,41.71577538742699,10.571253715048877,0.9997694456561647,0.9803050887109859
12.6,25.2,42.11844336497257,10.90305474600829,0.9997134336750882,0.9790646167544071
12.6,25.3,43.731876242766894,10.316218774932155,0.9997276742270198,0.9789476840425325
12.6,25.4,44.985358064049294,11.225876060265943,0.9995578002666405,0.9768476988846468
12.6,25.5,42.975659612423186,9.708581720435312,0.9995233287808949,0.9786368669168322
12.6,25.6,43.92261189531384,12.153796922483394,0.9996142066642761,0.979522825454794
12.6,25.7,42.694050064466595,11.724731062593843,0.9995237060190615,0.9805739839786153
12.6,25.8,42.46972799713453,11.917715068203467,0.9997253007711047,0.9813811029624787
12.6,25.9,41.92571222448932,10.89358171044385,0.9997390856004154,0.9819528172175107
12.6,26.0,42.97702523562789,11.703987750177646,0.9995714536894169,0.9795037214154446
12.7,24.0,42.68806920553785,11.021767544025744,0.9997251201800645,0.9772667723522662
12.7,24.1,43.86213841468849,11.04444992070646,0.9996918199109157,0.9753415502145831
12.7,24.2,44.561627908398194,13.804876309730725,0.9997095009724414,0.9766458113421252
12.7,24.3,42.31731567230225,10.853984071361962,0.9995660696282685,0.9783876870630156
12.7,24.4,44.04771440209979,11.463773924326102,0.9997093470741147,0.9766205308467407
12.7,24.5,42.661235907347645,10.620429941641214,0.9996535282018862,0.978713126477561
12.7,24.6,43.86515047931337,11.415556955710558,0.9995923183121941,0.9761594321671674
12.7,24.7,45.21798078416403,13.12397173682435,0.9995710139476505,0.9755223763953582
12.7,24.8,44.89603642105167,13.422069599707708,0.9995735542706788,0.9757363423460889
12.7,24.9,43.75439034113722,13.058891664695558,0.9996614388175286,0.9774459307132888
12.7,25.0,43.33790458638625,12.579904569628411,0.9996037721535168,0.9792608781485675
12.7,25.1,41.13035276162863,11.196633214767072,0.9997259309704307,0.9812372894510668
12.7,25.2,43.20549364281695,12.13817555491087,0.9997480287885597,0.9765568548805611
12.7,25.3,42.64087585019241,10.590986955127935,0.9995628644019338,0.9775407666905508
12.7,25.4,42.87450022799262,9.628827751792091,0.9996466936968136,0.978181003774557
12.7,25.5,42.361388104541994,9.606865605028736,0.9997805510391921,0.9812673397401229
12.7,25.6,41.82140783749803,11.072596871123748,0.9997610321284918,0.9808177423599269
12.7,25.7,40.65403173958793,9.404057878185887,0.9997623700554147,0.9803892127838426
12.7,25.8,40.9670431230527,11.410485541601092,0.9996859324346912,0.9811609724186419
12.7,25.9,41.47173123522368,11.505022018173955,0.999727187812982,0.980392397631487
12.7,26.0,42.838413665579786,12.09472194186559,0.9996941653010382,0.9773284671309722
12.8,24.0,42.96838344327425,10.173508248814612,0.9996497998641307,0.9769703209404752
12.8,24.1,43.952837310477896,10.513180402847873,0.9997298248687271,0.9757345289818273
12.8,24.2,43.49512563792394,11.879748420434876,0.9996862469475092,0.975447866795979
12.8,24.3,43.75094886634026,11.866205885773923,0.9997809721442826,0.9767367677200266
12.8,24.4,43.86351012533145,11.660388289744507,0.9996699510763848,0.9758160232977596
12.8,24.5,42.48687591409212,10.630638097945138,0.9996247999445115,0.9779379451663798
12.8,24.6,42.552991519493446,10.551697793667293,0.9996195249543223,0.9776991916213436
12.8,24.7,42.948184284425516,11.851528480266504,0.9997679884660048,0.9784340926167964
12.8,24.8,45.75537878196965,13.772572675509833,0.9997838732729369,0.97647956421848
12.8,24.9,43.51148935555131,12.053068908179503,0.9998251947231048,0.9781216303307582
12.8,25.0,42.647830392939625,10.4987864849606,0.9998043925761729,0.9797164986290499
12.8,25.1,41.16635478145855,9.951714904029943,0.9998376691499096,0.9798436647160692
12.8,25.2,42.48415311332994,11.441619396275842,0.9997828990302747,0.9806323156516801
12.8,25.3,42.89820944199808,11.587325007254012,0.9997143532465571,0.9787394637408547
12.8,25.4,43.66532221610069,10.375837234847948,0.9997458995365122,0.9768126796759904
12.8,25.5,42.38920450026653,10.175514165523776,0.9997805341173727,0.978547115014605
12.8,25.6,40.711004414083654,8.723572158086139,0.9997822847536288,0.980072302657965
12.8,25.7,39.71741109616983,9.489303307239847,0.9997809638146699,0.9804433001101152
12.8,25.8,41.87012459279602,11.257329216626816,0.9996205829364009,0.9801906965236814
12.8,25.9,41.069798161116644,10.783558215540491,0.9996547967302795,0.9812025917966284
12.8,26.0,42.58959039395274,10.225495673399555,0.9997282762828178,0.9797200320682671
12.9,24.0,42.34413206138567,9.521472547811873,0.9996712512615262,0.978798721495233
12.9,24.1,43.2188129660742,11.188394479804177,0.9995840632091983,0.9773223192938119
12.9,24.2,42.55557052953724,11.192311934336667,0.9996025449006143,0.9771334414177142
12.9,24.3,42.85875005316146,10.27565430746555,0.9996878376158765,0.978051855256767
12.9,24.4,43.43517484192379,11.616443713896626,0.9996170484314375,0.9791442623712469
12.9,24.5,42.708958230028145,10.110037987345315,0.9996019524973875,0.979290125107828
12.9,24.6,42.69886807023921,11.148481262481642,0.9995865397064237,0.9780566872161011
12.9,24.7,42.720742825686436,11.891350836189439,0.9997309781532273,0.9787944122064838
12.9,24.8,42.28341147624038,12.133422714630843,0.9998010742856175,0.9778855111559186
12.9,24.9,41.820829538253655,11.379010863682758,0.999754345872908,0.9793944306992631
12.9,25.0,42.97309855747286,10.824155585002291,0.9996901944635991,0.9779892373405417
12.9,25.1,40.926036906797314,10.862830966273275,0.9997134434244951,0.9794406655749447
12.9,25.2,42.26829439409853,11.332879209806583,0.9998015728801994,0.9803031940112946
12.9,25.3,42.5833264751987,11.491597743486805,0.9997871852952351,0.9781456763380405
12.9,25.4,43.00664220909185,10.167572229059914,0.9998546497027826,0.9779783423773375
12.9,25.5,42.06548132945633,11.053148615768874,0.9998387371474525,0.979411970654457
12.9,25.6,41.951851820963526,10.86768573632384,0.9996736495523227,0.9804831795878458
12.9,25.7,42.55219383106013,11.384361654603463,0.9996747887740165,0.9776872488280541
12.9,25.8,42.99479695454207,10.653274163000996,0.999677737229287,0.9778462414970477
12.9,25.9,42.11749744346681,10.435133529113273,0.9998383346257695,0.9775273780538265
12.9,26.0,43.28366052623792,11.44351375362166,0.9998391633877658,0.9783098858050119
13.0,24.0,42.56445180143698,10.579597307871573,0.9996042392019825,0.9764441778207881
13.0,24.1,44.03454647671188,12.353930665150376,0.999659746050674,0.9749897892972235
13.0,24.2,42.51833006893661,10.601871113102364,0.9997295250446104,0.9785146390461423
13.0,24.3,43.10564795582488,10.928193891426567,0.9996903135624348,0.9763916642195037
13.0,24.4,42.216399864468094,10.389243733211392,0.9998325020450054,0.9785195707394682
13.0,24.5,43.74295201207343,12.129253020487395,0.9997284661515212,0.9759594552342328
13.0,24.6,43.545447245493996,11.292365997198853,0.9995204415050261,0.9776091258998963
13.0,24.7,42.881826491375804,10.58820541247458,0.9996940251564314,0.9772010982464064
13.0,24.8,42.47363568438355,10.028475506647741,0.9998175265209152,0.9769792674783424
13.0,24.9,43.62198371593812,11.131293880293303,0.9996986544309772,0.9768842621585867
13.0,25.0,45.63811774673466,11.584252587967287,0.999582736507856,0.9750076275955124
13.0,25.1,42.83525828783405,10.414184600792678,0.9998017053376378,0.9789685366141889
13.0,25.2,43.614108569557864,10.69120428460964,0.9997240678078572,0.9779768847824915
13.0,25.3,43.649054845939936,10.723114205674406,0.9998201707126753,0.9760051380108885
13.0,25.4,44.48791570015564,10.444988937768347,0.9997997726121892,0.9754285118250401
13.0,25.5,42.85444041311417,10.926864466307185,0.9996597226013497,0.9766199873055771
13.0,25.6,42.79713687304506,11.37832153453229,0.99967568536933,0.9797420951157857
13.0,25.7,42.78968196250007,11.423110915458471,0.9997650460055756,0.9785001544073972
13.0,25.8,43.71862765780926,11.534458262904877,0.9998202333658419,0.9773266499341581
13.0,25.9,42.48026312530521,10.525820811384147,0.9998577492610007,0.9776204704752461
13.0,26.0,42.330237610622554,10.496311577470129,0.9998771750575074,0.978575393770919
